create database Employee_ABC
use employee_ABC
create table EmloyeeInfo (ID varchar(2) primary key, EmployeeName nvarchar(20))
insert into EmloyeeInfo values('A1','Nguyễn Văn A')
insert into EmloyeeInfo values('A2','Lê Thị Bình')
insert into EmloyeeInfo values('B1','Nguyễn Lan')
insert into EmloyeeInfo values('D1','Mai Tuấn Anh')
insert into EmloyeeInfo values('C1','Hà Thị Lan')
insert into EmloyeeInfo values('C2','Lê Tú Chinh')
insert into EmloyeeInfo values('D2','Trần Văn Toàn')
insert into EmloyeeInfo values('A3','Trần Văn Nam')
insert into EmloyeeInfo values('B2','Huỳnh Anh')
create table Department (ID varchar(2) primary key,DepartmentCode varchar(4),EmloyeeID varchar(2))
insert into Department values('X1','IT','A1')
insert into Department values('X2','IT','A2')
insert into Department values('X3','HR','B1')
insert into Department values('X4','HR','D1')
insert into Department values('X5','HR','C1')
insert into Department values('X6','SALE','C2')
insert into Department values('X7','HR','D2')
insert into Department values('X8','IT','A3')
insert into Department values('X9','SALE','B2')
create table Workday (NoWork varchar(2) primary key,Workday int,OffWithPay int, EmloyeeID varchar(2))
insert into Workday values('W1',22,0,'A1')
insert into Workday values('W2',21,1,'A2')
insert into Workday values('W3',20,1,'B1')
insert into Workday values('W4',20,1,'D1')
insert into Workday values('W5',22,0,'C1')
insert into Workday values('W6',22,0,'C2')
insert into Workday values('W7',22,0,'D2')
insert into Workday values('W8',22,0,'A3')
insert into Workday values('W9',21,1,'B2')
create table Salary (ID varchar(2) primary key, BasicSalary int, Tax int, EmployeeID varchar(2))
insert into Salary values('S1',1000,2000,'A1')
insert into Salary values('S2',1200,3000,'A2')
insert into Salary values('S3',600,800,'B1')
insert into Salary values('S4',500,1000,'D1')
insert into Salary values('S5',500,1000,'C1')
insert into Salary values('S6',1200,2400,'C2')
insert into Salary values('S7',500,1000,'D2')
insert into Salary values('S8',1200,2400,'A3')
insert into Salary values('S9',1200,2400,'B2')
create procedure Total
